type,year,citation
journal,2026,"Gokce, A., Cukurova, M., & Esmeli, R. (2026). A personalized federated deep learning framework predicts student performance in large-scale examinations across heterogeneous regional distributions. <em>Scientific Reports</em>. <a href=""https://doi.org/10.1038/s41598-026-70854-2"" target=""_blank"" rel=""noopener"">doi:10.1038/s41598-026-70854-2</a>"
journal,2026,"Hao, X., & Cukurova, M. (2026). Enhancing Peer Exposure and Creating Opportunities for Bridging Social Capital Through an AI-Generated Summary-Driven Learning Design in Online Discussion Forums. <em>Journal of Computer Assisted Learning, 42</em>(5). <a href=""https://doi.org/10.1002/jcal.70317"" target=""_blank"" rel=""noopener"">doi:10.1002/jcal.70317</a>"
conference,2026,"Cukurova, M., Suraworachet, W., Zhou, Q., Uzun, Y., Pishtari, G., Bulathwela, S., Topali, P., & Ley, T. (2026). Teacher-Facing AI in Education: A Systematic Review of Impact and A Taxonomy of Teacher-AI Teaming. <em>Zenodo</em>. <a href=""https://doi.org/10.5281/zenodo.22199908"" target=""_blank"" rel=""noopener"">doi:10.5281/zenodo.22199908</a>"
journal,2026,"Chen, Y., Ma, Q., Jong, M. S., Yang, Y., Cukurova, M., & Li, M. (2026). Engagement Dynamics in AI-Mediated Informal Digital Learning of English: Effects on L2 Speaking Performance, Anxiety, and Sequential Behaviour Patterns. <em>Journal of Computer Assisted Learning, 42</em>(4). <a href=""https://doi.org/10.1002/jcal.70278"" target=""_blank"" rel=""noopener"">doi:10.1002/jcal.70278</a>"
journal,2026,"Hwang, G., Kukulska‐Hulme, A., & Cukurova, M. (2026). Challenges, opportunities and a conceptual framework for language education in the AI era: Research directions and research design strategies. <em>Artificial Intelligence in Language Education, 2</em>, 104622–104622. <a href=""https://doi.org/10.29140/aile.2026.104622"" target=""_blank"" rel=""noopener"">doi:10.29140/aile.2026.104622</a>"
journal,2026,"Wong, K., Bulathwela, S., & Cukurova, M. (2026). Towards an adaptive AI scaffold for developing student collaborative problem solving. <em>Learning and Instruction, 105</em>, 102418–102418. <a href=""https://doi.org/10.1016/j.learninstruc.2026.102418"" target=""_blank"" rel=""noopener"">doi:10.1016/j.learninstruc.2026.102418</a>"
conference,2026,"Cukurova, M. (2026). What do you mean by human-AI collaboration: Prerequisite functions and the affordances needed to achieve it. <em>arXiv</em>. <a href=""https://doi.org/10.48550/arxiv.2606.15509"" target=""_blank"" rel=""noopener"">doi:10.48550/arxiv.2606.15509</a>"
conference,2026,"Qin, F., Liu, X., Zhang, Y., Li, X., Wang, F., Cukurova, M., (293564), J. C., & Zhang, Y. (2026). Large-scale semantic mapping of learner agency and autonomy reveals what measurement and generative AI research overlook. <em>arXiv</em>. <a href=""https://doi.org/10.48550/arxiv.2606.10881"" target=""_blank"" rel=""noopener"">doi:10.48550/arxiv.2606.10881</a>"
journal,2026,"YILMAZ, M., Temur, H. B., Emmungil, L., Çelik, E., Gauthier, A., & Cukurova, M. (2026). Supporting self-regulated learning through generative AI feedback in online higher education: the importance of student perceptions of the source of feedback. <em>International Journal of Educational Technology in Higher Education, 23</em>(1). <a href=""https://doi.org/10.1186/s41239-026-00592-y"" target=""_blank"" rel=""noopener"">doi:10.1186/s41239-026-00592-y</a>"
journal,2026,"Zamecnik, A., Febriantoro, W., Cukurova, M., Joksimovíc, S., Großmann, G., & Siemens, G. (2026). Linking AI agent architectures to trust antecedents in human-autonomous teams: a scoping review. <em>Artificial Intelligence Review, 59</em>(8). <a href=""https://doi.org/10.1007/s10462-026-11572-z"" target=""_blank"" rel=""noopener"">doi:10.1007/s10462-026-11572-z</a>"
conference,2026,"Hooshyar, D., Šír, G., Yang, Y., Kärkkäinen, T., Hämäläinen, R., Krivich, E., Cukurova, M., Gašević, D., & Azevedo, R. (2026). Neural-Symbolic Knowledge Tracing: Injecting Educational Knowledge into Deep Learning for Responsible Learner Modelling. <em>arXiv</em>. <a href=""https://doi.org/10.48550/arxiv.2604.08263"" target=""_blank"" rel=""noopener"">doi:10.48550/arxiv.2604.08263</a>"
conference,2026,"He, L., Shijun, Chen, Cukurova, M., & Mavrikis, M. (2026). Dialogue Act Patterns in GenAI-Mediated L2 Oral Practice: A Sequential Analysis of Learner-Chatbot Interactions. <em>arXiv</em>. <a href=""https://doi.org/10.48550/arxiv.2604.05702"" target=""_blank"" rel=""noopener"">doi:10.48550/arxiv.2604.05702</a>"
conference,2026,"Liang, J., Zhou, Q., Bulathwela, S., & Cukurova, M. (2026). Gaze to Insight: A Scalable AI Approach for Detecting Gaze Behaviours in Face-to-Face Collaborative Learning. <em>arXiv</em>. <a href=""https://doi.org/10.48550/arxiv.2604.03317"" target=""_blank"" rel=""noopener"">doi:10.48550/arxiv.2604.03317</a>"
conference,2026,"Meyer, J., Köller, O., Jansen, T., Fleckenstein, J., Asher, M. W., Bichler, S., Brandl, L., Breitwieser, J., Cortina, K. S., Cukurova, M., et al. (2026). The Future of Feedback: How Can AI Help Transform Feedback to Be More Engaging, Effective, and Scalable?. <em>arXiv</em>. <a href=""https://doi.org/10.48550/arxiv.2603.12463"" target=""_blank"" rel=""noopener"">doi:10.48550/arxiv.2603.12463</a>"
journal,2026,"Cukurova, M. (2026). Agency as a system property in human— AI interaction in education. <em>British Journal of Educational Technology, 57</em>(4), 1065–1070. <a href=""https://doi.org/10.1111/bjet.70060"" target=""_blank"" rel=""noopener"">doi:10.1111/bjet.70060</a>"
journal,2026,"Alexandron, G., Aroch, I., Cukurova, M., & Blonder, R. (2026). Preparing in-service science teachers for the AI era: insights from an ‘AI competence development’ academic course. <em>International Journal of Science Education, 48</em>(15), 2334–2355. <a href=""https://doi.org/10.1080/09500693.2026.2629342"" target=""_blank"" rel=""noopener"">doi:10.1080/09500693.2026.2629342</a>"
conference,2026,"Viberg, O., Cukurova, M., Kizilcec, R. F., Shum, S. B., Demszky, D., Gašević, D., Jansen, T., Jivet, I., Jovanovic, J., Meyer, J., et al. (2026). Protecting and Promoting Human Agency in Education in the Age of Artificial Intelligence. <em>arXiv</em>. <a href=""https://doi.org/10.48550/arxiv.2602.20014"" target=""_blank"" rel=""noopener"">doi:10.48550/arxiv.2602.20014</a>"
journal,2026,"YILMAZ, M., Gauthier, A., & Cukurova, M. (2026). Supporting online learners’ regulation skills with the help of learning analytics and generative artificial intelligence. <em>Educational Technology Research and Development, 74</em>(3), 1223–1252. <a href=""https://doi.org/10.1007/s11423-026-10595-1"" target=""_blank"" rel=""noopener"">doi:10.1007/s11423-026-10595-1</a>"
conference,2026,"Cukurova, M., Suraworachet, W., Zhou, Q. F., & Bulathwela, S. (2026). Towards Synergistic Teacher–AI Interactions with Generative Artificial Intelligence.  <a href=""https://doi.org/10.1007/978-3-032-24819-0_8"" target=""_blank"" rel=""noopener"">doi:10.1007/978-3-032-24819-0_8</a>"
journal,2026,"Bozkurt, A., Crompton, H., Farrow, R., Kukulska‐Hulme, A., Dron, J., West, R., Palalas, A., Bower, M., Xiao, J., Tlili, A., et al. (2026). Redefining Educational Technology: A Critical Collaborative Inquiry. <em>Open Praxis, 18</em>(2), 192–211. <a href=""https://doi.org/10.55982/openpraxis.18.2.1117"" target=""_blank"" rel=""noopener"">doi:10.55982/openpraxis.18.2.1117</a>"
journal,2026,"Hooshyar, D., Yang, Y., Šír, G., Kärkkäinen, T., Hämäläinen, R., Cukurova, M., & Azevedo, R. (2026). Why Large Language Models Alone Fall Short for Responsible Learner Modeling in K–12 Tutoring: A Case Study. <em>IEEE Access, 14</em>, 91267–91284. <a href=""https://doi.org/10.1109/access.2026.3701047"" target=""_blank"" rel=""noopener"">doi:10.1109/access.2026.3701047</a>"
conference,2026,"Cukurova, M. (2026). A Conceptual Framework for Teacher Agency in STEM Education in the AI Era. <em>Maarif global education series</em>, 31–57. <a href=""https://doi.org/10.1007/978-981-95-9023-0_2"" target=""_blank"" rel=""noopener"">doi:10.1007/978-981-95-9023-0_2</a>"
journal,2025,"Lewin, C., Cukurova, M., Mavrikis, M., Outhwaite, L. A., Major, L., & Rubegni, E. (2025). BJET editorial 2026: The changing landscape of EdTech and AI scholarship. <em>British Journal of Educational Technology, 57</em>(1), 5–8. <a href=""https://doi.org/10.1111/bjet.70039"" target=""_blank"" rel=""noopener"">doi:10.1111/bjet.70039</a>"
conference,2025,"Hooshyar, D., Yang, Y., Šír, G., Kärkkäinen, T., Hämäläinen, R., Cukurova, M., & Azevedo, R. (2025). Problems With Large Language Models for Learner Modelling: Why LLMs Alone Fall Short for Responsible Tutoring in K--12 Education. <em>arXiv</em>. <a href=""https://doi.org/10.48550/arxiv.2512.23036"" target=""_blank"" rel=""noopener"">doi:10.48550/arxiv.2512.23036</a>"
conference,2025,"Wicaksono, F., Qi, Z., Wannapon, S., Sahan, B., Andrea, G., Eva, M., & Cukurova, M. (2025). Examining Student Interactions with a Pedagogical AI-Assistant for Essay Writing and their Impact on Students Writing Quality. <em>arXiv</em>. <a href=""https://doi.org/10.48550/arxiv.2512.08596"" target=""_blank"" rel=""noopener"">doi:10.48550/arxiv.2512.08596</a>"
journal,2025,"Azad, A., Kovanović, V., Korolkiewicz, M. W., Zamecnik, A., Joksimovíc, S., & Cukurova, M. (2025). An unobtrusive approach to modelling team cohesion and collaboration in ecological classroom settings. <em>Learning and Instruction, 101</em>, 102268–102268. <a href=""https://doi.org/10.1016/j.learninstruc.2025.102268"" target=""_blank"" rel=""noopener"">doi:10.1016/j.learninstruc.2025.102268</a>"
conference,2025,"Yishan, D., Borchers, C., & Cukurova, M. (2025). Benchmarking Educational LLMs with Analytics: A Case Study on Gender Bias in Feedback. <em>arXiv</em>. <a href=""https://doi.org/10.48550/arxiv.2511.08225"" target=""_blank"" rel=""noopener"">doi:10.48550/arxiv.2511.08225</a>"
journal,2025,"Khulbe, M., Tammets, K., Ley, T., Coelho, R., Kurvits, J., & Cukurova, M. (2025). Exploring Teachers’ Adoption of Learning Analytics Enhanced Pedagogical Practices: A Longitudinal Intervention Study. <em>Technology Knowledge and Learning, 30</em>(4), 2011–2033. <a href=""https://doi.org/10.1007/s10758-025-09896-w"" target=""_blank"" rel=""noopener"">doi:10.1007/s10758-025-09896-w</a>"
journal,2025,"Suraworachet, W., Zhou, Q., & Cukurova, M. (2025). University Students' Perceptions of a Multimodal AI System for Real-World Collaboration Analytics: Lessons Learned From a Case Study. <em>Journal of Computer Assisted Learning, 41</em>(5). <a href=""https://doi.org/10.1111/jcal.70103"" target=""_blank"" rel=""noopener"">doi:10.1111/jcal.70103</a>"
journal,2025,"Lei, T., Cukurova, M., & Song, Y. (2025). Learning analytics in immersive virtual learning environments: a systematic literature review. <em>Smart Learning Environments, 12</em>(1). <a href=""https://doi.org/10.1186/s40561-025-00381-6"" target=""_blank"" rel=""noopener"">doi:10.1186/s40561-025-00381-6</a>"
conference,2025,"Kester, W., Bulathwela, S., & Cukurova, M. (2025). Explainable Collaborative Problem Solving Diagnosis with BERT using SHAP and its Implications for Teacher Adoption. <em>arXiv</em>."
conference,2025,"Kester, W., Bulathwela, S., & Cukurova, M. (2025). Exploring Human-AI Complementarity in CPS Diagnosis Using Unimodal and Multimodal BERT Models. <em>arXiv</em>."
journal,2025,"Ursavaş, Ö. F., Yalçın, Y., İslamoğlu, H., Bakır-Yalçın, E., & Cukurova, M. (2025). Rethinking the importance of social norms in generative AI adoption: investigating the acceptance and use of generative AI among higher education students. <em>International Journal of Educational Technology in Higher Education, 22</em>(1). <a href=""https://doi.org/10.1186/s41239-025-00535-z"" target=""_blank"" rel=""noopener"">doi:10.1186/s41239-025-00535-z</a>"
journal,2025,"Feldman-Maggor, Y., Cukurova, M., Kent, C., & Alexandron, G. (2025). The Impact of Explainable AI on Teachers’ Trust and Acceptance of AI EdTech Recommendations: The Power of Domain-specific Explanations. <em>International Journal of Artificial Intelligence in Education, 35</em>(5), 2889–2922. <a href=""https://doi.org/10.1007/s40593-025-00486-6"" target=""_blank"" rel=""noopener"">doi:10.1007/s40593-025-00486-6</a>"
conference,2025,"Audrey, Z., Yifei, G., Suraworachet, W., Nazaretsky, T., & Cukurova, M. (2025). Evaluating Trust in AI, Human, and Co-produced Feedback Among Undergraduate Students. <em>arXiv</em>. <a href=""https://doi.org/10.48550/arxiv.2504.10961"" target=""_blank"" rel=""noopener"">doi:10.48550/arxiv.2504.10961</a>"
journal,2025,"Uzun, Y., Suraworachet, W., Zhou, Q., Gauthier, A., & Cukurova, M. (2025). Engagement with analytics feedback and its relationship to self-regulated learning competence and course performance. <em>International Journal of Educational Technology in Higher Education, 22</em>(1). <a href=""https://doi.org/10.1186/s41239-025-00515-3"" target=""_blank"" rel=""noopener"">doi:10.1186/s41239-025-00515-3</a>"
journal,2025,"Mavrikis, M., Lewin, C., Cukurova, M., Major, L., Outhwaite, L. A., & Rubegni, E. (2025). BJET Editorial Spring 2025: Reporting on AIED research and ethical considerations. <em>British Journal of Educational Technology, 56</em>(3), 1118–1121. <a href=""https://doi.org/10.1111/bjet.13581"" target=""_blank"" rel=""noopener"">doi:10.1111/bjet.13581</a>"
journal,2025,"Giannakos, M. N., Horn, M., & Cukurova, M. (2025). Learning, design and technology in the age of AI. <em>Behaviour and Information Technology, 44</em>(5), 883–887. <a href=""https://doi.org/10.1080/0144929x.2025.2469394"" target=""_blank"" rel=""noopener"">doi:10.1080/0144929x.2025.2469394</a>"
journal,2025,"Xiao, J., Bozkurt, A., Nichols, M. A., Pazurek, A., Stracke, C. M., Bai, J. Y. H., Farrow, R., Mulligan, D., Nerantzi, C., Sharma, R. C., et al. (2025). Venturing into the Unknown: Critical Insights into Grey Areas and Pioneering Future Directions in Educational Generative AI Research. <em>TechTrends, 69</em>(3), 582–597. <a href=""https://doi.org/10.1007/s11528-025-01060-6"" target=""_blank"" rel=""noopener"">doi:10.1007/s11528-025-01060-6</a>"
journal,2025,"Villa-Torrano, C., Suraworachet, W., Gómez‐Sánchez, E., Asensio-Pérez, J. I., Bote‐Lorenzo, M. L., Martínez‐Monés, A., Zhou, Q., Cukurova, M., & Dimitriadis, Y. A. (2025). Using learning design and learning analytics to promote, detect and support Socially-Shared Regulation of Learning: A systematic literature review. <em>Computers &amp; Education, 232</em>, 105261–105261. <a href=""https://doi.org/10.1016/j.compedu.2025.105261"" target=""_blank"" rel=""noopener"">doi:10.1016/j.compedu.2025.105261</a>"
